Tue Jun  9 23:56:02 2020,2189,5534
Wed Jun 10 23:56:05 2020,2426,9377
Fri Jun 12 23:56:07 2020,2342,5978
Sat Jun 13 23:56:08 2020,2573,2279
Sun Jun 14 23:56:09 2020,2210,2074
Mon Jun 15 23:56:08 2020,2377,6646
Tue Jun 16 23:56:08 2020,2433,7646
Wed Jun 17 23:56:07 2020,2415,8189
Thu Jun 18 23:56:08 2020,2876,6558
Fri Jun 19 23:56:06 2020,2367,9044
Sat Jun 20 23:56:07 2020,3374,6040
Sun Jun 21 23:56:09 2020,1921,6019
Mon Jun 22 23:56:07 2020,2754,6092
Tue Jun 23 23:56:07 2020,2912,5967
Wed Jun 24 23:56:09 2020,2403,5906
Thu Jun 25 23:56:07 2020,3082,5871
Fri Jun 26 23:56:07 2020,2205,7188
Sat Jun 27 23:56:06 2020,2112,3177
Sun Jun 28 23:56:09 2020,2122,3218
Mon Jun 29 23:56:07 2020,2285,8290
Tue Jun 30 23:56:06 2020,2389,6952
Wed Jul  1 23:56:07 2020,2404,5744
Tue Jul 2 23:56:06 2021,2345,6865
Fri Jul 3 23:56:06 2020,2238,5573
Sat Jul  4 23:56:05 2020,2734,3754
Sat Jul 11 23:56:06 2020,2092,4358
Sun Jul 12 23:56:08 2020,2212,3931
Mon Jul 13 23:56:08 2020,2799,5778
Tue Jul 14 23:56:06 2020,2261,7187
Wed Jul 15 23:56:07 2020,2567,9643
Thu Jul 16 23:56:07 2020,2379,9631
Fri Jul 17 23:56:07 2020,2308,8036
Sat Jul 18 23:56:07 2020,3015,4180
Sun Jul 19 23:56:07 2020,2242,4571
Mon Jul 20 23:56:07 2020,2276,5598
Tue Jul 21 23:56:08 2020,2563,8072
