Tue Jun  9 23:56:02 2020,615,732
Wed Jun 10 23:56:05 2020,723,877
Fri Jun 12 23:56:07 2020,767,518
Sat Jun 13 23:56:08 2020,446,342
Sun Jun 14 23:56:09 2020,186,185
Mon Jun 15 23:56:08 2020,597,900
Tue Jun 16 23:56:08 2020,718,678
Wed Jun 17 23:56:07 2020,818,791
Thu Jun 18 23:56:08 2020,680,879
Fri Jun 19 23:56:06 2020,811,836
Sat Jun 20 23:56:07 2020,308,361
Sun Jun 21 23:56:09 2020,255,330
Mon Jun 22 23:56:07 2020,805,742
Tue Jun 23 23:56:07 2020,594,902
Wed Jun 24 23:56:09 2020,715,718
Thu Jun 25 23:56:07 2020,572,599
Fri Jun 26 23:56:07 2020,635,630
Sat Jun 27 23:56:06 2020,453,395
Sun Jun 28 23:56:09 2020,238,197
Mon Jun 29 23:56:07 2020,599,739
Tue Jun 30 23:56:06 2020,747,627
Wed Jul  1 23:56:07 2020,662,615
Tue Jul 2 23:56:06 2021,567,821
Fri Jul 3 23:56:06 2020,522,506
Sat Jul  4 23:56:05 2020,495,236
Sat Jul 11 23:56:06 2020,163,171
Sun Jul 12 23:56:08 2020,212,134
Mon Jul 13 23:56:08 2020,619,716
Tue Jul 14 23:56:06 2020,685,718
